Date,Route_No,Bus_No,Driver_ID,Conductor_ID,Depot,Bus_Type,Trip_ID,Start_Stop,End_Stop,Distance_km,Passenger_Count,Ticket_Revenue,Concessions,Net_Revenue,Fuel_Consumed_Litre,Fuel_Cost,Maintenance_Cost,Total_Expense,Profit,On_Time_Departure,Delay_Minutes,Occupancy_Rate,Competitor_Mode,Market_Share
2023-01-01,R11,B1293,D933,C132,Ram Darbar,Electric,T60799,PGI,Sector-34,47,77,872.44,62.12,810.32,22.63,1840.47,1624.61,3465.08,-2654.76,1,0,0.15,Metro,0.25
2023-01-02,R17,B3253,D689,C427,ISBT-43,Non-AC,T66172,Sector-17 Plaza,Sector-17 Plaza,27,469,7475.17,1406.16,6069.01,6.32,630.15,919.98,1550.13,4518.88,0,21,0.94,Private Bus,0.13
2023-01-03,R16,B7798,D573,C667,ISBT-17,Electric,T61410,ISBT-17,PGI,42,457,6177.45,740.58,5436.87,17.29,1661.93,1203.87,2865.8,2571.07,0,15,0.91,Private Bus,0.11
2023-01-04,R20,B5279,D376,C773,Ram Darbar,AC,T40353,ISBT-17,ISBT-43,27,437,4283.42,934.21,3349.21,12.14,1214.41,1498.67,2713.08,636.13,1,0,0.87,Metro,0.57
2023-01-05,R12,B6593,D626,C755,ISBT-17,AC,T68630,ISBT-17,Manimajra,14,342,2584.32,311.39,2272.93,6.05,489.52,1509.43,1998.95,273.98,1,0,0.68,Private Bus,0.38
2023-01-06,R20,B6680,D707,C670,Ram Darbar,AC,T24425,ISBT-43,Sector-22,44,279,2922.87,413.89,2508.98,18.73,1943.82,849.55,2793.37,-284.39,1,0,0.56,Metro,0.44
2023-01-07,R12,B4837,D377,C762,Ram Darbar,Non-AC,T95837,Sector-22,ISBT-43,47,404,5927.82,1027.14,4900.68,12.69,1221.69,833.31,2055.0,2845.68,1,0,0.81,Private Bus,0.2
2023-01-08,R6,B3451,D124,C942,ISBT-17,AC,T26444,Sector-22,PGI,17,362,2020.71,487.85,1532.86,3.64,387.43,1841.57,2229.0,-696.14,1,0,0.72,Auto,0.59
2023-01-09,R9,B2310,D254,C264,ISBT-43,Non-AC,T84990,ISBT-17,PGI,18,236,4275.33,725.72,3549.61,7.32,736.72,1557.18,2293.9,1255.71,1,0,0.47,Cab,0.57
2023-01-10,R8,B7732,D630,C161,Ram Darbar,Non-AC,T30760,Sector-22,ISBT-43,14,236,2984.61,253.96,2730.65,6.19,660.18,1776.93,2437.11,293.54,1,0,0.47,Metro,0.52
2023-01-11,R7,B8655,D442,C339,Ram Darbar,Non-AC,T18611,ISBT-17,PGI,29,425,8214.95,903.14,7311.81,8.31,864.14,916.31,1780.45,5531.36,1,0,0.85,Metro,0.14
2023-01-12,R1,B8466,D859,C396,ISBT-17,Electric,T54838,ISBT-17,ISBT-17,11,268,2781.67,392.23,2389.44,2.29,209.71,1655.66,1865.37,524.07,1,0,0.54,Auto,0.36
2023-01-13,R15,B6529,D868,C835,Ram Darbar,Non-AC,T32592,Sector-34,PGI,38,137,1790.37,216.66,1573.71,18.75,1895.92,1747.09,3643.01,-2069.3,0,27,0.27,Auto,0.48
2023-01-14,R8,B7345,D602,C836,Ram Darbar,AC,T42228,ISBT-17,ISBT-43,31,164,2418.49,161.61,2256.88,7.89,743.82,1480.35,2224.17,32.71,1,0,0.33,Cab,0.45
2023-01-15,R2,B2692,D263,C682,Ram Darbar,Non-AC,T10125,ISBT-17,Sector-34,27,316,4852.39,1149.55,3702.84,11.18,906.74,1066.83,1973.57,1729.27,0,56,0.63,Private Bus,0.23
2023-01-16,R6,B6024,D215,C713,Industrial Area,Non-AC,T44510,Sector-17 Plaza,Sector-22,35,396,5918.54,1172.42,4746.12,11.63,1240.33,1714.25,2954.58,1791.54,1,0,0.79,Metro,0.13
2023-01-17,R15,B7161,D170,C274,ISBT-43,Electric,T41058,ISBT-17,PGI,23,489,9683.26,571.14,9112.12,5.64,522.86,779.5,1302.36,7809.76,0,40,0.98,Auto,0.37
2023-01-18,R15,B5600,D214,C515,Ram Darbar,Electric,T47499,Sector-34,Manimajra,16,390,2078.93,120.69,1958.24,7.17,704.31,1285.76,1990.07,-31.83,0,46,0.78,Private Bus,0.53
2023-01-19,R20,B9740,D300,C969,ISBT-17,Electric,T19895,Manimajra,Sector-34,36,156,2559.57,395.8,2163.77,17.18,1799.63,1765.83,3565.46,-1401.69,1,0,0.31,Metro,0.24
2023-01-20,R7,B4672,D208,C390,Industrial Area,AC,T10051,Manimajra,Sector-22,45,440,7575.75,1356.19,6219.56,13.94,1242.36,512.83,1755.19,4464.37,0,36,0.88,Auto,0.07
2023-01-21,R14,B9527,D162,C866,Industrial Area,AC,T18691,Sector-34,Manimajra,5,111,660.02,137.17,522.85,1.79,144.76,560.75,705.51,-182.66,1,0,0.22,Auto,0.39
2023-01-22,R14,B8769,D312,C442,ISBT-17,AC,T47682,Sector-17 Plaza,Sector-22,45,350,5009.59,1221.58,3788.01,11.66,1265.49,1307.51,2573.0,1215.01,0,17,0.7,Private Bus,0.1
2023-01-23,R11,B5337,D590,C764,Industrial Area,Non-AC,T51394,Sector-34,Sector-22,6,231,2731.89,326.44,2405.45,2.33,189.4,756.36,945.76,1459.69,1,0,0.46,Metro,0.51
2023-01-24,R1,B8877,D126,C762,Ram Darbar,Electric,T12315,Sector-34,Sector-22,46,487,5358.09,1225.99,4132.1,16.05,1546.06,1934.75,3480.81,651.29,1,0,0.97,Cab,0.38
2023-01-25,R16,B2748,D232,C602,ISBT-17,Electric,T82554,Sector-17 Plaza,Sector-17 Plaza,24,415,2341.33,585.28,1756.05,7.42,607.3,1778.48,2385.78,-629.73,1,0,0.83,Cab,0.54
2023-01-26,R17,B8903,D978,C791,Ram Darbar,Electric,T31540,PGI,ISBT-17,39,283,3724.17,569.84,3154.33,15.89,1308.16,1707.92,3016.08,138.25,1,0,0.57,Auto,0.44
2023-01-27,R5,B6380,D509,C502,ISBT-43,Electric,T71457,Sector-34,Manimajra,29,159,1366.06,119.35,1246.71,8.89,774.01,866.66,1640.67,-393.96,1,0,0.32,Auto,0.34
2023-01-28,R11,B7117,D652,C545,ISBT-43,Non-AC,T45011,ISBT-43,Sector-22,29,294,3535.69,802.8,2732.89,8.95,966.36,1445.91,2412.27,320.62,1,0,0.59,Auto,0.13
2023-01-29,R13,B5723,D166,C624,Industrial Area,Non-AC,T28260,Sector-22,Sector-34,44,310,5913.27,310.5,5602.77,18.4,1642.68,1062.06,2704.74,2898.03,1,0,0.62,Metro,0.13
2023-01-30,R13,B3182,D753,C353,Industrial Area,Electric,T35221,ISBT-43,PGI,18,240,3982.64,707.4,3275.24,6.78,589.06,1467.71,2056.77,1218.47,1,0,0.48,Auto,0.42
2023-01-31,R18,B5139,D985,C609,Industrial Area,Electric,T32789,ISBT-17,Sector-34,10,185,2740.32,305.68,2434.64,2.38,244.72,1776.17,2020.89,413.75,0,14,0.37,Private Bus,0.08
2023-02-01,R14,B5795,D723,C551,ISBT-17,Non-AC,T91646,Sector-22,Sector-17 Plaza,45,369,4342.48,346.61,3995.87,22.3,2378.93,1656.97,4035.9,-40.03,1,0,0.74,Metro,0.59
2023-02-02,R4,B8858,D323,C369,ISBT-43,AC,T69228,Sector-17 Plaza,ISBT-43,36,446,3103.62,266.65,2836.97,9.39,782.71,1460.39,2243.1,593.87,0,57,0.89,Auto,0.45
2023-02-03,R8,B3146,D324,C951,ISBT-17,AC,T52974,ISBT-17,PGI,49,281,4857.67,782.77,4074.9,16.93,1778.51,1903.96,3682.47,392.43,1,0,0.56,Metro,0.52
2023-02-04,R20,B8660,D510,C239,ISBT-17,Non-AC,T16306,Sector-22,Sector-34,27,247,4807.44,796.95,4010.49,9.63,772.95,1228.57,2001.52,2008.97,0,16,0.49,Metro,0.13
2023-02-05,R15,B9406,D955,C752,ISBT-17,Non-AC,T53558,Manimajra,ISBT-43,6,466,2725.65,590.48,2135.17,1.28,127.49,971.12,1098.61,1036.56,0,42,0.93,Cab,0.43
2023-02-06,R5,B5102,D957,C624,Industrial Area,Non-AC,T72110,Sector-34,Manimajra,18,194,2518.8,513.04,2005.76,7.69,757.74,1680.49,2438.23,-432.47,1,0,0.39,Auto,0.25
2023-02-07,R9,B7882,D143,C631,ISBT-17,Electric,T88277,ISBT-43,ISBT-43,48,345,5467.26,305.18,5162.08,9.93,948.27,1226.38,2174.65,2987.43,0,48,0.69,Private Bus,0.13
2023-02-08,R10,B9108,D413,C274,ISBT-43,AC,T11238,ISBT-43,PGI,20,405,5965.99,763.88,5202.11,6.99,742.82,662.84,1405.66,3796.45,1,0,0.81,Cab,0.43
2023-02-09,R19,B1786,D161,C426,Industrial Area,Electric,T83662,Manimajra,Sector-34,15,393,5262.63,1244.86,4017.77,4.38,356.79,1513.44,1870.23,2147.54,1,0,0.79,Private Bus,0.2
2023-02-10,R5,B8232,D292,C161,Industrial Area,AC,T69801,Sector-22,PGI,40,120,823.21,192.94,630.27,10.08,979.64,1376.53,2356.17,-1725.9,0,13,0.24,Cab,0.27
2023-02-11,R5,B8358,D640,C147,Industrial Area,Non-AC,T93169,ISBT-17,Sector-34,49,316,4105.59,718.33,3387.26,24.32,2265.47,599.38,2864.85,522.41,0,15,0.63,Private Bus,0.52
2023-02-12,R7,B7279,D195,C218,ISBT-43,Non-AC,T30325,Sector-17 Plaza,ISBT-43,29,283,1873.57,294.1,1579.47,10.63,884.41,1946.26,2830.67,-1251.2,0,13,0.57,Auto,0.24
2023-02-13,R8,B1050,D236,C257,Industrial Area,AC,T41147,PGI,Manimajra,20,326,6154.46,612.65,5541.81,9.13,982.51,1853.0,2835.51,2706.3,1,0,0.65,Private Bus,0.47
2023-02-14,R19,B6030,D240,C945,Industrial Area,Electric,T68220,ISBT-43,Sector-17 Plaza,20,426,5309.95,557.41,4752.54,8.07,654.9,1352.34,2007.24,2745.3,1,0,0.85,Private Bus,0.52
2023-02-15,R20,B5172,D998,C470,ISBT-17,AC,T40312,PGI,ISBT-43,18,250,3020.29,461.63,2558.66,8.11,828.49,897.72,1726.21,832.45,1,0,0.5,Auto,0.57
2023-02-16,R11,B2526,D632,C398,ISBT-17,Electric,T96287,Manimajra,ISBT-43,17,187,2403.87,378.37,2025.5,4.98,466.3,1571.67,2037.97,-12.47,1,0,0.37,Metro,0.17
2023-02-17,R13,B5723,D217,C369,Ram Darbar,Electric,T98918,ISBT-43,Sector-22,9,183,2608.39,537.01,2071.38,3.33,289.36,556.84,846.2,1225.18,1,0,0.37,Private Bus,0.26
2023-02-18,R17,B2187,D161,C439,ISBT-43,Non-AC,T82264,Sector-34,ISBT-17,48,77,724.09,145.28,578.81,12.75,1210.61,1736.92,2947.53,-2368.72,0,16,0.15,Auto,0.3
2023-02-19,R3,B7839,D946,C372,Industrial Area,Electric,T98196,ISBT-43,ISBT-17,11,304,3390.96,650.93,2740.03,3.89,419.81,1605.69,2025.5,714.53,0,6,0.61,Cab,0.54
2023-02-20,R8,B7677,D470,C281,ISBT-17,AC,T71284,Sector-17 Plaza,Manimajra,20,278,2288.58,386.17,1902.41,4.4,446.32,1554.71,2001.03,-98.62,1,0,0.56,Auto,0.52
2023-02-21,R17,B9774,D257,C118,Ram Darbar,Electric,T91863,ISBT-17,Sector-34,21,212,2302.03,261.55,2040.48,5.15,456.76,849.16,1305.92,734.56,0,20,0.42,Cab,0.26
2023-02-22,R4,B7536,D242,C603,ISBT-43,Electric,T71273,Sector-22,Manimajra,43,466,3723.39,798.59,2924.8,13.93,1120.37,1598.8,2719.17,205.63,0,37,0.93,Private Bus,0.2
2023-02-23,R2,B4980,D192,C891,ISBT-43,AC,T95717,Sector-22,ISBT-17,36,314,4229.13,274.1,3955.03,12.4,1325.22,782.26,2107.48,1847.55,0,16,0.63,Metro,0.41
2023-02-24,R7,B3161,D896,C517,Industrial Area,Electric,T18800,Sector-34,ISBT-17,38,83,978.4,148.04,830.36,7.97,654.17,886.35,1540.52,-710.16,1,0,0.17,Private Bus,0.23
2023-02-25,R14,B9797,D577,C607,Industrial Area,Electric,T46821,Sector-34,ISBT-17,17,413,6641.01,1537.11,5103.9,8.1,778.03,1267.26,2045.29,3058.61,1,0,0.83,Cab,0.36
2023-02-26,R19,B7255,D338,C243,ISBT-43,AC,T98260,Sector-17 Plaza,Sector-34,6,231,1403.27,334.96,1068.31,2.59,272.38,1050.3,1322.68,-254.37,0,32,0.46,Cab,0.28
2023-02-27,R19,B4941,D559,C177,ISBT-43,Electric,T83042,Sector-22,ISBT-17,48,213,1187.78,162.45,1025.33,19.3,1788.33,1808.61,3596.94,-2571.61,1,0,0.43,Auto,0.48
2023-02-28,R2,B8641,D847,C584,ISBT-17,Non-AC,T88062,Sector-17 Plaza,Manimajra,27,116,1158.08,153.17,1004.91,10.28,1130.74,1239.49,2370.23,-1365.32,0,33,0.23,Cab,0.24
2023-03-01,R8,B7683,D910,C708,ISBT-43,AC,T31157,Sector-34,PGI,34,416,4905.01,1023.52,3881.49,14.64,1464.48,1782.17,3246.65,634.84,1,0,0.83,Cab,0.15
2023-03-02,R11,B3646,D177,C166,Ram Darbar,Electric,T47077,ISBT-17,ISBT-17,16,251,3826.35,383.46,3442.89,5.6,573.45,1344.0,1917.45,1525.44,0,40,0.5,Auto,0.47
2023-03-03,R1,B2064,D849,C850,Industrial Area,AC,T71854,ISBT-17,ISBT-43,23,469,9270.12,1332.2,7937.92,10.58,1115.79,1267.28,2383.07,5554.85,1,0,0.94,Cab,0.11
2023-03-04,R4,B2097,D714,C324,Ram Darbar,Non-AC,T55975,Manimajra,ISBT-17,44,242,2314.26,418.6,1895.66,15.24,1386.67,1468.16,2854.83,-959.17,1,0,0.48,Auto,0.28
2023-03-05,R1,B4718,D503,C526,Ram Darbar,Non-AC,T29299,PGI,Sector-22,6,360,1909.05,156.01,1753.04,2.36,239.56,1373.9,1613.46,139.58,0,43,0.72,Auto,0.08
2023-03-06,R19,B1902,D699,C296,ISBT-17,Non-AC,T76553,Sector-34,ISBT-17,39,405,3072.1,173.15,2898.95,13.08,1386.08,726.24,2112.32,786.63,0,5,0.81,Cab,0.32
2023-03-07,R2,B6207,D757,C115,ISBT-17,AC,T29198,ISBT-17,Sector-17 Plaza,37,245,3073.78,201.22,2872.56,14.97,1355.46,837.14,2192.6,679.96,0,43,0.49,Private Bus,0.26
2023-03-08,R3,B7773,D893,C865,ISBT-17,AC,T42343,Manimajra,PGI,34,389,3179.05,511.63,2667.42,8.08,754.81,1354.86,2109.67,557.75,0,22,0.78,Private Bus,0.58
2023-03-09,R3,B7593,D419,C255,Ram Darbar,AC,T34453,PGI,Sector-17 Plaza,9,113,1995.36,139.14,1856.22,4.48,412.21,744.68,1156.89,699.33,1,0,0.23,Cab,0.46
2023-03-10,R13,B8177,D457,C302,Industrial Area,Non-AC,T93453,Manimajra,ISBT-17,7,413,2117.57,197.65,1919.92,3.14,314.37,1841.58,2155.95,-236.03,1,0,0.83,Private Bus,0.4
2023-03-11,R10,B8750,D688,C153,ISBT-17,Electric,T69615,PGI,ISBT-43,39,408,7291.04,863.82,6427.22,10.92,1196.24,1866.7,3062.94,3364.28,1,0,0.82,Cab,0.5
2023-03-12,R6,B6668,D681,C268,Ram Darbar,Non-AC,T20224,Sector-34,ISBT-43,38,238,4694.35,902.73,3791.62,12.37,1248.97,1999.19,3248.16,543.46,0,9,0.48,Metro,0.33
2023-03-13,R16,B5033,D656,C117,Ram Darbar,AC,T82082,Sector-34,PGI,18,434,4819.49,656.52,4162.97,8.83,886.9,972.81,1859.71,2303.26,1,0,0.87,Private Bus,0.53
2023-03-14,R16,B7382,D826,C903,Industrial Area,AC,T76988,Sector-22,PGI,29,215,2203.23,550.03,1653.2,10.0,1041.57,1707.48,2749.05,-1095.85,0,59,0.43,Metro,0.33
2023-03-15,R11,B6909,D210,C480,ISBT-17,AC,T50834,Sector-17 Plaza,Sector-34,45,115,726.38,58.94,667.44,19.38,1968.3,568.75,2537.05,-1869.61,0,25,0.23,Private Bus,0.38
2023-03-16,R19,B2624,D956,C687,ISBT-17,Electric,T80655,Sector-22,PGI,12,497,2556.46,136.56,2419.9,3.87,336.08,736.01,1072.09,1347.81,1,0,0.99,Auto,0.08
2023-03-17,R9,B7664,D170,C701,Industrial Area,Non-AC,T77285,Sector-34,PGI,18,369,3003.93,326.1,2677.83,4.64,407.98,1752.3,2160.28,517.55,0,48,0.74,Metro,0.15
2023-03-18,R15,B2039,D168,C152,ISBT-17,Electric,T85525,PGI,ISBT-17,36,424,7954.42,1135.46,6818.96,8.32,779.87,1063.69,1843.56,4975.4,0,45,0.85,Metro,0.44
2023-03-19,R13,B1604,D280,C273,ISBT-43,Non-AC,T91550,PGI,ISBT-43,43,112,670.53,142.11,528.42,20.89,1898.36,727.86,2626.22,-2097.8,0,39,0.22,Auto,0.36
2023-03-20,R14,B4754,D255,C577,Ram Darbar,Non-AC,T30905,Sector-22,PGI,40,96,1198.53,216.61,981.92,18.06,1952.18,976.12,2928.3,-1946.38,0,29,0.19,Cab,0.25
2023-03-21,R2,B8006,D576,C206,Ram Darbar,Electric,T31280,ISBT-43,Sector-17 Plaza,38,426,7119.36,1242.61,5876.75,9.36,848.98,766.21,1615.19,4261.56,0,25,0.85,Auto,0.46
2023-03-22,R10,B6774,D855,C903,ISBT-17,Non-AC,T96340,Sector-34,Manimajra,25,367,4479.59,1096.87,3382.72,7.58,753.8,1088.76,1842.56,1540.16,1,0,0.73,Metro,0.51
2023-03-23,R16,B5049,D485,C307,ISBT-17,AC,T46258,Manimajra,Sector-17 Plaza,20,449,6506.71,1605.32,4901.39,9.26,785.35,1321.23,2106.58,2794.81,0,52,0.9,Metro,0.2
2023-03-24,R10,B9414,D822,C629,ISBT-17,Non-AC,T14486,Sector-17 Plaza,ISBT-17,8,162,2605.16,145.68,2459.48,2.51,231.49,1227.67,1459.16,1000.32,0,53,0.32,Private Bus,0.59
2023-03-25,R15,B3923,D282,C267,ISBT-43,Non-AC,T82131,PGI,ISBT-43,38,74,1410.36,235.89,1174.47,15.57,1490.91,1752.11,3243.02,-2068.55,0,7,0.15,Cab,0.59
2023-03-26,R12,B7807,D451,C425,ISBT-43,AC,T26491,Manimajra,Manimajra,43,248,3338.89,318.99,3019.9,16.63,1336.46,1232.97,2569.43,450.47,0,17,0.5,Cab,0.33
2023-03-27,R15,B3373,D936,C337,Ram Darbar,AC,T32119,Sector-34,PGI,19,301,3663.65,676.85,2986.8,7.06,773.85,1738.8,2512.65,474.15,0,21,0.6,Cab,0.48
2023-03-28,R11,B2307,D579,C988,Ram Darbar,AC,T88538,Sector-17 Plaza,PGI,34,384,6741.81,1205.64,5536.17,10.85,1005.82,1888.99,2894.81,2641.36,0,40,0.77,Auto,0.18
2023-03-29,R15,B9265,D195,C972,ISBT-17,Electric,T13477,PGI,Manimajra,16,199,2387.78,548.15,1839.63,3.92,410.73,936.95,1347.68,491.95,0,14,0.4,Metro,0.13
2023-03-30,R7,B1201,D120,C690,ISBT-43,Non-AC,T37655,PGI,PGI,15,223,1769.87,418.5,1351.37,4.13,421.33,926.98,1348.31,3.06,1,0,0.45,Metro,0.07
2023-03-31,R12,B3273,D158,C175,Industrial Area,Non-AC,T82495,Sector-17 Plaza,ISBT-17,10,426,2963.03,355.49,2607.54,4.37,431.72,1168.1,1599.82,1007.72,0,43,0.85,Auto,0.59
2023-04-01,R14,B3355,D273,C561,ISBT-43,Non-AC,T66915,Sector-34,Manimajra,27,382,6062.59,843.09,5219.5,5.89,612.14,552.5,1164.64,4054.86,1,0,0.76,Auto,0.23
2023-04-02,R6,B4054,D885,C556,Industrial Area,AC,T25070,ISBT-43,Sector-34,33,116,1342.33,163.47,1178.86,12.21,1063.95,1982.98,3046.93,-1868.07,1,0,0.23,Private Bus,0.44
2023-04-03,R1,B5470,D776,C791,ISBT-17,Non-AC,T58505,Sector-17 Plaza,Sector-22,44,242,2578.64,597.82,1980.82,19.22,1970.39,1956.41,3926.8,-1945.98,0,35,0.48,Metro,0.34
2023-04-04,R2,B3238,D236,C799,Industrial Area,Non-AC,T33358,PGI,PGI,38,356,5709.96,909.6,4800.36,18.47,1579.08,1409.05,2988.13,1812.23,1,0,0.71,Auto,0.44
2023-04-05,R17,B7200,D502,C166,ISBT-43,Non-AC,T25964,ISBT-43,Sector-22,35,101,1122.27,143.66,978.61,15.5,1429.53,539.68,1969.21,-990.6,1,0,0.2,Auto,0.36
2023-04-06,R8,B4288,D530,C391,ISBT-17,Non-AC,T95000,ISBT-17,Sector-22,15,378,6806.07,483.39,6322.68,4.6,456.27,552.08,1008.35,5314.33,0,53,0.76,Private Bus,0.25
2023-04-07,R15,B8087,D300,C375,ISBT-17,Electric,T58575,Sector-17 Plaza,Sector-22,22,159,2070.9,157.57,1913.33,9.66,978.51,1291.15,2269.66,-356.33,0,26,0.32,Auto,0.41
2023-04-08,R9,B4093,D867,C802,ISBT-43,Non-AC,T92245,Manimajra,Sector-34,10,169,2356.69,313.81,2042.88,2.9,236.22,1616.42,1852.64,190.24,1,0,0.34,Auto,0.11
2023-04-09,R5,B6819,D581,C362,ISBT-43,AC,T46397,ISBT-43,Sector-22,37,251,2568.48,541.81,2026.67,17.6,1881.48,1880.0,3761.48,-1734.81,1,0,0.5,Metro,0.23
2023-04-10,R12,B5872,D433,C479,Ram Darbar,Non-AC,T11833,ISBT-17,Sector-17 Plaza,31,110,1761.77,113.63,1648.14,14.53,1355.82,1489.58,2845.4,-1197.26,1,0,0.22,Auto,0.16
2023-04-11,R2,B2762,D860,C594,ISBT-17,AC,T37265,PGI,PGI,29,382,2544.56,274.23,2270.33,7.61,699.34,666.82,1366.16,904.17,0,27,0.76,Private Bus,0.21
2023-04-12,R8,B2975,D533,C706,ISBT-17,AC,T91850,Manimajra,Sector-22,6,76,609.74,72.11,537.63,2.94,287.6,1701.73,1989.33,-1451.7,0,54,0.15,Auto,0.44
2023-04-13,R4,B2929,D600,C838,ISBT-17,AC,T21116,PGI,Sector-22,42,218,4351.39,1070.84,3280.55,15.18,1421.69,1193.17,2614.86,665.69,1,0,0.44,Cab,0.11
2023-04-14,R19,B1809,D100,C122,Ram Darbar,AC,T61899,ISBT-43,Manimajra,8,234,1565.62,230.75,1334.87,2.07,219.07,880.2,1099.27,235.6,0,48,0.47,Auto,0.35
2023-04-15,R15,B1849,D337,C990,ISBT-17,AC,T80390,Sector-22,Sector-22,43,266,4604.3,409.96,4194.34,10.45,844.16,855.56,1699.72,2494.62,1,0,0.53,Auto,0.25
2023-04-16,R2,B2222,D670,C333,Ram Darbar,Electric,T23704,Sector-17 Plaza,Sector-17 Plaza,49,242,1607.94,237.94,1370.0,15.37,1550.01,1726.39,3276.4,-1906.4,0,34,0.48,Auto,0.34
2023-04-17,R11,B2574,D275,C624,Ram Darbar,Electric,T82631,ISBT-17,PGI,41,457,9069.9,1001.65,8068.25,11.61,1229.88,505.06,1734.94,6333.31,1,0,0.91,Cab,0.15
2023-04-18,R9,B7420,D542,C982,ISBT-43,AC,T98633,Manimajra,Sector-17 Plaza,7,339,4392.4,292.7,4099.7,2.0,191.22,1778.53,1969.75,2129.95,0,31,0.68,Cab,0.29
2023-04-19,R14,B6251,D219,C827,Industrial Area,AC,T20768,ISBT-43,Sector-22,5,311,1761.64,295.62,1466.02,1.82,149.86,1914.74,2064.6,-598.58,0,25,0.62,Private Bus,0.56
2023-04-20,R20,B3256,D358,C338,ISBT-43,Non-AC,T59545,ISBT-43,Sector-17 Plaza,47,59,920.72,88.86,831.86,21.82,2097.6,1785.63,3883.23,-3051.37,1,0,0.12,Private Bus,0.26
2023-04-21,R14,B3781,D967,C210,Industrial Area,Electric,T89518,Sector-34,PGI,14,234,3277.02,538.07,2738.95,2.96,303.46,1923.78,2227.24,511.71,0,35,0.47,Auto,0.51
2023-04-22,R9,B4522,D519,C799,Industrial Area,Electric,T38210,Sector-17 Plaza,Manimajra,39,235,1955.68,131.53,1824.15,12.68,1249.48,1498.07,2747.55,-923.4,0,23,0.47,Cab,0.24
2023-04-23,R20,B8733,D922,C178,ISBT-43,AC,T91144,Manimajra,Sector-17 Plaza,46,329,4934.75,936.45,3998.3,21.57,2015.77,1485.36,3501.13,497.17,1,0,0.66,Private Bus,0.24
2023-04-24,R7,B9152,D382,C434,Industrial Area,AC,T27399,ISBT-43,PGI,7,171,1452.3,235.93,1216.37,3.38,322.35,669.11,991.46,224.91,0,38,0.34,Auto,0.53
2023-04-25,R19,B3352,D456,C247,ISBT-17,AC,T65113,ISBT-17,Sector-17 Plaza,6,234,1871.37,397.11,1474.26,1.48,127.74,1049.02,1176.76,297.5,0,35,0.47,Cab,0.3
2023-04-26,R18,B9271,D935,C751,ISBT-17,AC,T91109,Manimajra,ISBT-43,38,80,534.37,41.79,492.58,16.96,1807.54,852.03,2659.57,-2166.99,1,0,0.16,Cab,0.56
2023-04-27,R4,B8733,D315,C519,ISBT-17,Electric,T91132,Sector-22,ISBT-43,31,283,2231.28,142.14,2089.14,14.27,1480.91,1361.96,2842.87,-753.73,0,9,0.57,Private Bus,0.3
2023-04-28,R14,B7668,D546,C399,Industrial Area,AC,T39046,ISBT-17,PGI,44,86,1580.52,278.91,1301.61,13.38,1264.37,1628.4,2892.77,-1591.16,0,55,0.17,Metro,0.45
2023-04-29,R2,B6842,D349,C904,ISBT-17,AC,T49211,Sector-17 Plaza,PGI,14,498,3609.13,501.06,3108.07,3.54,353.52,736.92,1090.44,2017.63,0,35,1.0,Auto,0.1
2023-04-30,R10,B3573,D809,C225,ISBT-43,Non-AC,T75035,ISBT-43,Sector-22,46,413,5708.35,578.29,5130.06,16.98,1397.56,1699.84,3097.4,2032.66,1,0,0.83,Cab,0.24
2023-05-01,R13,B9673,D318,C418,ISBT-43,AC,T25396,Manimajra,PGI,49,270,4935.39,1033.84,3901.55,15.41,1365.91,928.27,2294.18,1607.37,1,0,0.54,Cab,0.38
2023-05-02,R10,B3577,D775,C491,ISBT-43,Non-AC,T35852,Sector-34,ISBT-17,41,182,1665.86,215.79,1450.07,16.57,1768.42,561.6,2330.02,-879.95,1,0,0.36,Private Bus,0.13
2023-05-03,R6,B8852,D634,C475,ISBT-17,AC,T92565,Sector-34,Sector-34,5,338,6541.87,931.27,5610.6,1.04,93.8,1376.74,1470.54,4140.06,1,0,0.68,Metro,0.18
2023-05-04,R12,B2539,D461,C957,Ram Darbar,AC,T80600,Sector-34,ISBT-17,42,478,2494.89,563.51,1931.38,10.35,1095.49,994.08,2089.57,-158.19,1,0,0.96,Cab,0.25
2023-05-05,R18,B5549,D981,C841,ISBT-43,Non-AC,T34507,Sector-34,Sector-17 Plaza,24,490,4303.81,970.59,3333.22,7.94,700.42,1384.01,2084.43,1248.79,0,46,0.98,Auto,0.57
2023-05-06,R13,B8086,D485,C397,ISBT-43,Non-AC,T39076,Sector-22,Sector-34,16,358,3300.17,299.7,3000.47,7.74,638.74,817.51,1456.25,1544.22,0,8,0.72,Private Bus,0.35
2023-05-07,R10,B9519,D264,C215,ISBT-43,Non-AC,T88879,ISBT-17,Sector-17 Plaza,6,396,5543.67,540.76,5002.91,2.25,206.13,551.55,757.68,4245.23,1,0,0.79,Auto,0.53
2023-05-08,R15,B7749,D577,C525,ISBT-43,Electric,T45330,ISBT-17,PGI,17,465,4636.47,1140.57,3495.9,5.03,514.7,1297.97,1812.67,1683.23,1,0,0.93,Auto,0.46
2023-05-09,R2,B7890,D889,C813,Industrial Area,Non-AC,T65008,PGI,Sector-17 Plaza,7,277,1403.29,70.26,1333.03,2.39,193.3,1961.8,2155.1,-822.07,1,0,0.55,Auto,0.27
2023-05-10,R8,B9503,D745,C828,Ram Darbar,Non-AC,T29121,Sector-17 Plaza,Manimajra,5,401,3422.67,741.02,2681.65,1.93,156.57,1729.88,1886.45,795.2,0,6,0.8,Cab,0.14
2023-05-11,R16,B4974,D885,C681,ISBT-43,Electric,T49713,PGI,ISBT-17,9,457,5437.08,500.41,4936.67,4.14,383.09,1625.47,2008.56,2928.11,0,53,0.91,Auto,0.07
2023-05-12,R14,B5133,D956,C307,ISBT-43,AC,T17527,ISBT-17,ISBT-17,18,118,1227.13,218.27,1008.86,8.58,725.45,1350.43,2075.88,-1067.02,0,40,0.24,Metro,0.06
2023-05-13,R9,B6560,D229,C966,ISBT-43,Non-AC,T28070,Sector-22,Sector-17 Plaza,29,396,4560.95,250.36,4310.59,8.95,750.31,682.16,1432.47,2878.12,0,46,0.79,Metro,0.2
2023-05-14,R11,B4604,D909,C519,ISBT-17,Non-AC,T43978,Sector-17 Plaza,Sector-34,23,253,4925.98,1108.89,3817.09,10.64,907.4,897.36,1804.76,2012.33,1,0,0.51,Auto,0.59
2023-05-15,R19,B2976,D464,C894,Ram Darbar,Non-AC,T70563,PGI,Manimajra,41,334,4085.88,784.1,3301.78,15.73,1707.23,1726.67,3433.9,-132.12,1,0,0.67,Private Bus,0.36
2023-05-16,R19,B1434,D903,C333,Ram Darbar,Electric,T56371,Sector-22,ISBT-17,34,473,6409.06,536.33,5872.73,13.57,1260.4,1773.18,3033.58,2839.15,1,0,0.95,Private Bus,0.54
2023-05-17,R20,B8351,D802,C843,Industrial Area,AC,T61253,ISBT-17,Sector-34,49,294,2570.08,291.24,2278.84,23.96,2499.14,521.13,3020.27,-741.43,0,39,0.59,Cab,0.29
2023-05-18,R7,B5937,D836,C625,Ram Darbar,AC,T66724,PGI,ISBT-43,14,200,3790.76,877.62,2913.14,3.04,261.96,1215.36,1477.32,1435.82,1,0,0.4,Metro,0.31
2023-05-19,R18,B6668,D181,C623,Industrial Area,Electric,T36154,PGI,PGI,42,203,3406.22,645.23,2760.99,12.87,1372.23,1963.75,3335.98,-574.99,0,23,0.41,Auto,0.09
2023-05-20,R9,B3826,D293,C766,ISBT-43,Non-AC,T71383,Sector-34,Sector-34,27,411,3274.77,518.75,2756.02,10.27,1009.1,1082.27,2091.37,664.65,1,0,0.82,Auto,0.2
2023-05-21,R12,B8765,D598,C791,ISBT-43,Non-AC,T26453,Sector-22,ISBT-17,42,235,4078.65,678.57,3400.08,17.34,1834.63,1980.29,3814.92,-414.84,1,0,0.47,Private Bus,0.43
2023-05-22,R4,B5576,D100,C430,ISBT-17,Non-AC,T15050,PGI,Sector-34,7,313,3359.17,727.82,2631.35,2.13,172.59,911.42,1084.01,1547.34,1,0,0.63,Private Bus,0.47
2023-05-23,R9,B6575,D334,C707,Industrial Area,Non-AC,T72806,Sector-22,Sector-22,19,377,7400.88,1843.09,5557.79,4.23,457.24,934.17,1391.41,4166.38,0,56,0.75,Cab,0.59
2023-05-24,R2,B8378,D125,C351,Ram Darbar,Non-AC,T76561,Sector-17 Plaza,Manimajra,27,54,966.61,117.86,848.75,8.03,766.96,568.59,1335.55,-486.8,0,21,0.11,Private Bus,0.45
2023-05-25,R18,B6816,D608,C452,ISBT-17,AC,T22501,Sector-17 Plaza,Sector-22,43,119,1115.25,92.52,1022.73,17.71,1756.28,1818.42,3574.7,-2551.97,0,55,0.24,Metro,0.42
2023-05-26,R7,B1856,D968,C651,Industrial Area,Electric,T91618,PGI,ISBT-17,49,240,3353.53,429.18,2924.35,15.71,1602.01,1042.21,2644.22,280.13,0,8,0.48,Metro,0.48
2023-05-27,R6,B5407,D835,C124,Ram Darbar,AC,T27857,ISBT-43,Sector-34,35,66,927.26,123.07,804.19,10.92,1058.56,595.55,1654.11,-849.92,0,41,0.13,Metro,0.54
2023-05-28,R17,B2273,D581,C430,Industrial Area,Electric,T80085,ISBT-43,ISBT-43,18,414,5896.93,1365.3,4531.63,7.46,752.54,1379.58,2132.12,2399.51,1,0,0.83,Metro,0.5
2023-05-29,R18,B1166,D762,C652,Industrial Area,AC,T41126,Sector-17 Plaza,ISBT-43,16,286,5305.77,368.52,4937.25,4.42,441.52,1510.57,1952.09,2985.16,1,0,0.57,Private Bus,0.43
2023-05-30,R19,B8288,D149,C982,Industrial Area,Non-AC,T21552,PGI,Sector-22,41,106,1529.61,356.25,1173.36,8.65,755.23,790.57,1545.8,-372.44,0,25,0.21,Private Bus,0.48
2023-05-31,R1,B9299,D488,C524,Ram Darbar,Non-AC,T42687,ISBT-43,Sector-34,6,270,2299.85,205.87,2093.98,1.21,122.46,1906.2,2028.66,65.32,1,0,0.54,Private Bus,0.26
2023-06-01,R20,B4529,D994,C676,ISBT-43,AC,T35365,Sector-34,PGI,26,370,5297.3,695.14,4602.16,7.66,839.27,1199.21,2038.48,2563.68,0,49,0.74,Auto,0.29
2023-06-02,R12,B1990,D949,C145,Ram Darbar,Non-AC,T55812,ISBT-17,PGI,34,285,5341.11,701.61,4639.5,9.55,791.98,1689.96,2481.94,2157.56,0,53,0.57,Cab,0.27
2023-06-03,R1,B6898,D652,C744,ISBT-43,AC,T50894,ISBT-43,ISBT-43,39,101,510.22,59.2,451.02,12.23,1325.16,809.11,2134.27,-1683.25,0,41,0.2,Auto,0.3
2023-06-04,R6,B4086,D141,C642,ISBT-43,AC,T48176,Sector-34,Sector-34,9,108,1387.82,273.3,1114.52,3.29,287.4,1030.69,1318.09,-203.57,1,0,0.22,Private Bus,0.32
2023-06-05,R8,B3698,D402,C770,Ram Darbar,AC,T93127,ISBT-17,Sector-17 Plaza,34,198,3688.52,487.32,3201.2,10.74,1085.04,514.82,1599.86,1601.34,0,56,0.4,Auto,0.23
2023-06-06,R9,B3590,D226,C873,ISBT-17,AC,T31427,ISBT-43,Sector-17 Plaza,17,235,3671.23,755.3,2915.93,6.28,578.22,1950.52,2528.74,387.19,0,31,0.47,Metro,0.54
2023-06-07,R13,B8849,D505,C202,Industrial Area,Non-AC,T47630,Manimajra,Sector-34,7,402,5620.3,780.02,4840.28,2.65,235.12,1573.18,1808.3,3031.98,1,0,0.8,Private Bus,0.09
2023-06-08,R19,B6599,D686,C329,ISBT-17,Non-AC,T42822,Manimajra,Sector-22,14,251,4545.32,524.39,4020.93,3.34,274.06,1171.25,1445.31,2575.62,0,56,0.5,Auto,0.09
2023-06-09,R5,B9219,D865,C463,ISBT-43,Electric,T19610,Sector-34,Sector-22,14,66,998.05,200.3,797.75,3.83,383.83,564.83,948.66,-150.91,0,7,0.13,Metro,0.45
2023-06-10,R19,B8557,D317,C207,Ram Darbar,Non-AC,T65178,Sector-22,Sector-34,32,56,756.65,80.96,675.69,10.03,1047.82,768.81,1816.63,-1140.94,1,0,0.11,Private Bus,0.26
2023-06-11,R17,B7569,D128,C422,ISBT-17,AC,T26967,Sector-17 Plaza,ISBT-43,31,419,3037.9,458.6,2579.3,8.17,671.89,1426.18,2098.07,481.23,0,13,0.84,Metro,0.25
2023-06-12,R1,B1166,D399,C217,Industrial Area,Non-AC,T99262,Manimajra,PGI,35,124,2109.54,299.85,1809.69,7.66,820.89,1317.22,2138.11,-328.42,0,15,0.25,Metro,0.35
2023-06-13,R12,B8116,D537,C143,Industrial Area,Non-AC,T60189,PGI,PGI,10,185,1593.64,221.98,1371.66,2.37,192.25,980.88,1173.13,198.53,1,0,0.37,Cab,0.46
2023-06-14,R19,B4814,D441,C864,Ram Darbar,Non-AC,T54280,Sector-17 Plaza,Sector-22,41,218,2124.37,174.6,1949.77,13.23,1320.98,1450.56,2771.54,-821.77,0,11,0.44,Cab,0.25
2023-06-15,R10,B5228,D818,C150,ISBT-43,AC,T98586,Sector-17 Plaza,Sector-22,36,430,7621.5,1185.03,6436.47,10.7,1024.12,671.13,1695.25,4741.22,1,0,0.86,Cab,0.16
2023-06-16,R3,B8821,D997,C160,Industrial Area,Non-AC,T16880,Sector-17 Plaza,ISBT-43,17,444,2914.87,146.58,2768.29,5.7,482.58,1606.98,2089.56,678.73,0,47,0.89,Cab,0.17
2023-06-17,R7,B5052,D553,C852,ISBT-17,Non-AC,T32970,Sector-17 Plaza,Sector-22,29,275,2622.27,511.02,2111.25,7.24,693.06,903.81,1596.87,514.38,1,0,0.55,Metro,0.2
2023-06-18,R3,B2532,D540,C221,ISBT-17,Electric,T68742,Manimajra,Sector-17 Plaza,10,386,5633.87,1354.17,4279.7,4.95,493.03,1283.0,1776.03,2503.67,0,39,0.77,Private Bus,0.18
2023-06-19,R1,B2976,D911,C903,Ram Darbar,Non-AC,T63625,Sector-22,Sector-34,39,129,1060.73,186.88,873.85,10.27,879.48,1206.86,2086.34,-1212.49,0,28,0.26,Private Bus,0.23
2023-06-20,R9,B3423,D180,C649,Industrial Area,Electric,T58555,ISBT-17,ISBT-43,30,444,8549.95,1421.25,7128.7,13.33,1235.6,1854.97,3090.57,4038.13,0,44,0.89,Auto,0.25
2023-06-21,R10,B7714,D284,C537,Industrial Area,AC,T68639,ISBT-17,Manimajra,14,276,5328.61,709.65,4618.96,6.11,514.95,1718.53,2233.48,2385.48,1,0,0.55,Auto,0.06
2023-06-22,R3,B6182,D270,C861,ISBT-43,Non-AC,T36930,Sector-17 Plaza,PGI,17,345,6594.78,1479.02,5115.76,6.01,582.71,508.9,1091.61,4024.15,0,45,0.69,Private Bus,0.14
2023-06-23,R12,B8546,D883,C643,Ram Darbar,Non-AC,T19825,ISBT-43,Sector-17 Plaza,6,179,3021.18,434.01,2587.17,2.42,238.72,1553.47,1792.19,794.98,1,0,0.36,Metro,0.56
2023-06-24,R15,B9621,D803,C436,ISBT-43,Non-AC,T50431,Sector-22,ISBT-43,47,113,707.3,160.56,546.74,13.19,1151.66,945.64,2097.3,-1550.56,1,0,0.23,Private Bus,0.15
2023-06-25,R4,B8298,D488,C420,ISBT-43,Electric,T90096,ISBT-43,Sector-17 Plaza,12,396,5923.03,1105.48,4817.55,4.13,413.04,619.7,1032.74,3784.81,1,0,0.79,Cab,0.59
2023-06-26,R18,B8698,D295,C937,Ram Darbar,AC,T74586,Sector-17 Plaza,Sector-22,38,449,5486.17,1087.79,4398.38,11.34,1075.01,1874.23,2949.24,1449.14,1,0,0.9,Cab,0.18
2023-06-27,R20,B6404,D783,C832,ISBT-17,Electric,T98118,ISBT-17,Sector-34,30,237,3799.91,808.94,2990.97,6.29,512.21,1684.07,2196.28,794.69,1,0,0.47,Private Bus,0.33
2023-06-28,R11,B8089,D339,C589,Industrial Area,AC,T74136,PGI,Sector-34,17,347,6071.02,956.34,5114.68,6.04,647.2,1684.9,2332.1,2782.58,0,51,0.69,Auto,0.49
2023-06-29,R13,B2256,D210,C331,Industrial Area,Non-AC,T92628,ISBT-17,Sector-17 Plaza,47,292,2306.37,333.67,1972.7,19.01,1882.29,1140.87,3023.16,-1050.46,1,0,0.58,Metro,0.46
2023-06-30,R9,B2274,D737,C438,ISBT-43,Non-AC,T87027,ISBT-17,PGI,22,461,7752.44,1441.71,6310.73,8.21,747.64,807.62,1555.26,4755.47,1,0,0.92,Metro,0.29
2023-07-01,R12,B8230,D711,C535,Industrial Area,AC,T11943,ISBT-43,ISBT-43,11,203,2532.76,377.03,2155.73,4.14,376.26,1419.66,1795.92,359.81,1,0,0.41,Private Bus,0.38
2023-07-02,R4,B4464,D543,C767,Industrial Area,AC,T50194,PGI,ISBT-43,43,315,2932.33,191.64,2740.69,12.6,1199.52,1376.99,2576.51,164.18,1,0,0.63,Cab,0.42
2023-07-03,R14,B3352,D537,C755,ISBT-17,Non-AC,T94577,Sector-22,Sector-34,10,142,1504.35,251.2,1253.15,2.04,183.52,593.37,776.89,476.26,1,0,0.28,Private Bus,0.37
2023-07-04,R9,B7344,D710,C922,Industrial Area,AC,T54078,Sector-22,ISBT-17,20,315,2079.23,332.68,1746.55,7.55,610.57,1360.07,1970.64,-224.09,0,42,0.63,Cab,0.46
2023-07-05,R17,B8504,D838,C340,ISBT-43,AC,T27752,ISBT-43,ISBT-17,48,481,8354.72,1662.53,6692.19,18.72,1878.72,1709.59,3588.31,3103.88,0,44,0.96,Cab,0.54
2023-07-06,R17,B4129,D254,C666,Ram Darbar,AC,T18678,Manimajra,Manimajra,37,194,3376.6,361.05,3015.55,12.35,1103.63,902.83,2006.46,1009.09,0,38,0.39,Private Bus,0.36
2023-07-07,R12,B8398,D439,C590,ISBT-17,Electric,T63871,Sector-34,Sector-22,19,412,5526.32,1311.06,4215.26,8.42,713.07,1083.44,1796.51,2418.75,1,0,0.82,Cab,0.41
2023-07-08,R20,B8150,D453,C404,Ram Darbar,Non-AC,T62788,Sector-22,Sector-34,30,331,6470.1,765.2,5704.9,13.17,1390.04,1434.76,2824.8,2880.1,0,21,0.66,Auto,0.25
2023-07-09,R7,B7844,D943,C519,Industrial Area,Electric,T62703,PGI,ISBT-43,15,480,4439.96,1090.59,3349.37,4.18,393.29,1816.05,2209.34,1140.03,1,0,0.96,Metro,0.09
2023-07-10,R10,B2259,D747,C893,Ram Darbar,Electric,T23783,PGI,Sector-17 Plaza,43,182,3524.4,756.04,2768.36,17.13,1454.09,1601.49,3055.58,-287.22,1,0,0.36,Cab,0.14
2023-07-11,R2,B5122,D776,C554,ISBT-43,Non-AC,T98161,Manimajra,Sector-22,13,341,5505.37,801.06,4704.31,4.06,369.71,791.79,1161.5,3542.81,1,0,0.68,Cab,0.15
2023-07-12,R12,B8630,D882,C901,Industrial Area,Electric,T58101,Sector-17 Plaza,Manimajra,19,401,5618.08,1362.76,4255.32,7.37,763.08,1816.37,2579.45,1675.87,0,54,0.8,Metro,0.32
2023-07-13,R12,B3910,D438,C614,Industrial Area,Non-AC,T54929,Sector-34,PGI,8,304,4183.37,584.46,3598.91,2.14,191.08,1550.94,1742.02,1856.89,0,32,0.61,Private Bus,0.41
2023-07-14,R16,B7861,D664,C767,ISBT-43,Non-AC,T10357,Manimajra,Sector-34,17,304,5640.34,394.26,5246.08,6.75,700.19,1032.38,1732.57,3513.51,1,0,0.61,Cab,0.39
2023-07-15,R10,B4734,D535,C853,Ram Darbar,Electric,T83002,ISBT-43,Sector-17 Plaza,49,248,4503.48,318.75,4184.73,10.28,849.66,1768.46,2618.12,1566.61,0,20,0.5,Private Bus,0.24
2023-07-16,R1,B2795,D659,C353,ISBT-43,Electric,T78773,Sector-22,Sector-22,43,445,8004.04,1102.01,6902.03,13.52,1459.95,1572.75,3032.7,3869.33,1,0,0.89,Private Bus,0.53
2023-07-17,R5,B5142,D651,C733,Ram Darbar,Non-AC,T73128,Sector-22,PGI,31,322,5266.91,463.62,4803.29,9.29,773.52,1403.31,2176.83,2626.46,0,57,0.64,Auto,0.32
2023-07-18,R15,B9949,D807,C131,Ram Darbar,AC,T95504,Sector-17 Plaza,Sector-17 Plaza,26,359,2361.6,184.69,2176.91,12.82,1251.66,1264.65,2516.31,-339.4,0,11,0.72,Auto,0.21
2023-07-19,R10,B3215,D842,C225,ISBT-17,AC,T35789,ISBT-17,Sector-22,45,313,1993.78,180.95,1812.83,9.42,898.66,626.8,1525.46,287.37,1,0,0.63,Private Bus,0.56
2023-07-20,R3,B3044,D192,C727,Industrial Area,AC,T43756,PGI,Sector-22,35,60,1165.61,113.67,1051.94,9.67,773.72,599.53,1373.25,-321.31,1,0,0.12,Auto,0.55
2023-07-21,R17,B7628,D176,C732,Ram Darbar,AC,T33471,PGI,Sector-22,20,79,1156.75,81.67,1075.08,9.43,915.26,1670.51,2585.77,-1510.69,0,8,0.16,Metro,0.22
2023-07-22,R13,B4486,D191,C467,Industrial Area,Electric,T35147,Sector-17 Plaza,PGI,22,426,8096.07,1614.5,6481.57,5.93,533.82,553.71,1087.53,5394.04,1,0,0.85,Private Bus,0.55
2023-07-23,R20,B1316,D717,C705,Ram Darbar,Non-AC,T12594,PGI,Sector-34,20,147,2562.27,510.38,2051.89,7.78,722.05,1853.18,2575.23,-523.34,1,0,0.29,Auto,0.14
2023-07-24,R5,B4415,D129,C513,Ram Darbar,AC,T39039,Manimajra,Sector-34,5,485,5948.78,980.2,4968.58,1.22,109.48,1115.13,1224.61,3743.97,1,0,0.97,Auto,0.43
2023-07-25,R16,B7107,D510,C344,Ram Darbar,AC,T98421,Sector-17 Plaza,Sector-17 Plaza,26,410,3851.88,231.28,3620.6,11.67,1250.89,668.42,1919.31,1701.29,0,10,0.82,Cab,0.33
2023-07-26,R15,B1589,D298,C116,ISBT-43,AC,T26211,ISBT-43,PGI,35,325,6486.17,1117.19,5368.98,15.26,1373.71,1747.32,3121.03,2247.95,0,19,0.65,Cab,0.55
2023-07-27,R1,B9106,D282,C554,ISBT-43,Non-AC,T17500,Sector-34,ISBT-43,29,393,7688.95,1410.81,6278.14,14.26,1496.93,906.25,2403.18,3874.96,0,31,0.79,Metro,0.39
2023-07-28,R3,B1970,D747,C668,ISBT-43,Non-AC,T24450,PGI,Sector-34,23,426,7449.59,1825.6,5623.99,9.03,847.43,957.9,1805.33,3818.66,0,10,0.85,Auto,0.24
2023-07-29,R18,B9428,D575,C697,Ram Darbar,AC,T37133,Sector-34,Sector-34,11,118,853.06,111.75,741.31,2.54,243.82,646.91,890.73,-149.42,0,35,0.24,Auto,0.46
2023-07-30,R4,B1363,D154,C255,Industrial Area,AC,T38325,Manimajra,Sector-17 Plaza,5,190,2025.72,156.62,1869.1,1.02,104.6,857.64,962.24,906.86,0,54,0.38,Cab,0.14
2023-07-31,R17,B1526,D883,C598,ISBT-17,Electric,T50739,PGI,ISBT-43,41,155,2096.31,439.44,1656.87,14.66,1212.85,1374.33,2587.18,-930.31,1,0,0.31,Cab,0.34
2023-08-01,R3,B1088,D602,C866,ISBT-43,Non-AC,T76981,Sector-17 Plaza,Manimajra,34,190,1390.63,126.98,1263.65,10.88,1111.98,881.77,1993.75,-730.1,1,0,0.38,Cab,0.36
2023-08-02,R10,B9010,D277,C762,ISBT-17,Electric,T82706,Manimajra,Manimajra,47,230,1229.53,299.86,929.67,20.82,2134.77,1640.58,3775.35,-2845.68,0,8,0.46,Auto,0.24
2023-08-03,R15,B7918,D464,C397,ISBT-17,AC,T80135,ISBT-17,Sector-22,31,449,5561.47,1230.59,4330.88,11.07,1005.97,871.6,1877.57,2453.31,0,50,0.9,Cab,0.49
2023-08-04,R18,B1529,D627,C407,ISBT-17,Electric,T75430,ISBT-43,ISBT-17,24,103,1227.21,167.74,1059.47,8.37,917.44,947.53,1864.97,-805.5,0,18,0.21,Cab,0.46
2023-08-05,R10,B7602,D137,C708,ISBT-43,AC,T96005,Sector-22,Sector-22,17,258,2963.7,578.32,2385.38,6.44,572.27,577.55,1149.82,1235.56,0,26,0.52,Metro,0.28
2023-08-06,R2,B9199,D561,C410,ISBT-43,AC,T67399,ISBT-17,PGI,5,111,1459.84,243.74,1216.1,1.22,123.17,717.56,840.73,375.37,1,0,0.22,Cab,0.32
2023-08-07,R10,B5734,D401,C732,ISBT-17,Electric,T91573,Sector-34,Manimajra,48,72,543.6,125.59,418.01,12.49,1370.0,510.97,1880.97,-1462.96,1,0,0.14,Auto,0.43
2023-08-08,R5,B2075,D851,C198,ISBT-17,AC,T91919,Sector-17 Plaza,ISBT-43,9,122,1414.78,268.05,1146.73,3.51,292.87,1671.56,1964.43,-817.7,0,40,0.24,Auto,0.18
2023-08-09,R2,B1227,D389,C392,ISBT-43,AC,T52240,PGI,ISBT-43,36,60,874.41,142.61,731.8,9.64,1036.71,786.77,1823.48,-1091.68,1,0,0.12,Private Bus,0.42
2023-08-10,R6,B6161,D293,C426,ISBT-17,AC,T30642,Sector-22,Sector-22,22,339,3434.22,252.63,3181.59,5.0,450.33,710.51,1160.84,2020.75,0,59,0.68,Cab,0.15
2023-08-11,R17,B7091,D737,C570,ISBT-43,Electric,T50289,PGI,ISBT-43,23,314,4316.5,249.2,4067.3,8.02,677.37,1229.48,1906.85,2160.45,0,53,0.63,Metro,0.09
2023-08-12,R9,B8787,D246,C787,ISBT-17,Electric,T90759,Sector-34,Sector-17 Plaza,7,138,918.6,132.57,786.03,1.91,172.8,743.9,916.7,-130.67,1,0,0.28,Private Bus,0.56
2023-08-13,R12,B6217,D886,C170,Ram Darbar,Non-AC,T59040,Manimajra,ISBT-43,14,401,3782.75,927.37,2855.38,4.36,351.75,721.47,1073.22,1782.16,1,0,0.8,Cab,0.59
2023-08-14,R18,B5950,D181,C547,Industrial Area,Electric,T62693,Manimajra,ISBT-17,32,453,7743.44,1548.95,6194.49,13.57,1475.29,1229.93,2705.22,3489.27,0,21,0.91,Private Bus,0.59
2023-08-15,R14,B4181,D557,C927,Ram Darbar,AC,T88588,ISBT-17,Sector-22,24,274,3085.9,645.59,2440.31,8.71,941.56,794.21,1735.77,704.54,1,0,0.55,Private Bus,0.31
2023-08-16,R14,B7764,D814,C796,Ram Darbar,Electric,T61009,Sector-34,Sector-17 Plaza,44,312,3534.3,190.23,3344.07,21.81,1985.0,1667.87,3652.87,-308.8,0,14,0.62,Private Bus,0.23
2023-08-17,R1,B4336,D412,C139,ISBT-43,Non-AC,T94239,Manimajra,Sector-22,7,498,9017.46,1354.35,7663.11,2.1,230.77,1033.45,1264.22,6398.89,0,20,1.0,Cab,0.06
2023-08-18,R14,B3232,D490,C522,ISBT-43,Non-AC,T87495,Manimajra,Sector-22,19,151,2587.76,433.19,2154.57,7.42,709.18,1729.69,2438.87,-284.3,0,21,0.3,Private Bus,0.15
2023-08-19,R5,B8914,D240,C582,ISBT-17,AC,T64833,Sector-17 Plaza,Sector-22,45,211,1498.18,195.01,1303.17,10.02,965.49,1504.62,2470.11,-1166.94,0,54,0.42,Cab,0.38
2023-08-20,R4,B3728,D671,C980,ISBT-17,AC,T50431,Sector-22,ISBT-17,24,339,5229.44,1089.87,4139.57,6.17,629.0,1933.12,2562.12,1577.45,0,35,0.68,Private Bus,0.13
2023-08-21,R13,B1208,D232,C480,ISBT-17,AC,T81386,Sector-34,Sector-34,37,324,6229.05,761.5,5467.55,13.16,1360.39,1343.12,2703.51,2764.04,0,47,0.65,Metro,0.42
2023-08-22,R19,B1975,D668,C104,ISBT-43,Electric,T59987,Sector-22,Manimajra,35,183,1963.89,275.21,1688.68,7.14,736.25,561.51,1297.76,390.92,0,44,0.37,Private Bus,0.54
2023-08-23,R14,B4985,D251,C996,ISBT-43,Electric,T39895,ISBT-43,PGI,13,149,2817.26,698.64,2118.62,4.87,405.51,1188.69,1594.2,524.42,0,16,0.3,Cab,0.11
2023-08-24,R13,B9976,D844,C143,ISBT-17,Non-AC,T98324,Manimajra,ISBT-17,25,192,1884.54,194.23,1690.31,9.89,957.06,1043.62,2000.68,-310.37,0,26,0.38,Private Bus,0.07
2023-08-25,R12,B9056,D668,C196,Ram Darbar,Electric,T97051,PGI,Sector-34,8,65,1120.3,238.39,881.91,3.64,309.68,1558.83,1868.51,-986.6,0,22,0.13,Metro,0.07
2023-08-26,R10,B2839,D885,C483,ISBT-17,Non-AC,T60117,ISBT-43,Sector-34,44,372,6081.18,752.75,5328.43,18.24,1661.38,1134.86,2796.24,2532.19,1,0,0.74,Auto,0.16
2023-08-27,R9,B1436,D826,C755,ISBT-43,Electric,T50875,ISBT-43,ISBT-43,15,161,2496.95,600.13,1896.82,6.19,577.82,753.5,1331.32,565.5,0,33,0.32,Cab,0.32
2023-08-28,R19,B3939,D735,C638,Industrial Area,Non-AC,T41238,PGI,Sector-34,22,68,624.3,96.47,527.83,6.68,555.4,1937.45,2492.85,-1965.02,1,0,0.14,Metro,0.18
2023-08-29,R3,B2378,D459,C890,ISBT-17,AC,T43617,Manimajra,ISBT-17,42,67,573.47,94.37,479.1,20.86,1714.76,1100.83,2815.59,-2336.49,0,22,0.13,Private Bus,0.35
2023-08-30,R20,B3543,D703,C248,ISBT-43,Electric,T50834,ISBT-43,Sector-17 Plaza,21,490,3565.02,721.59,2843.43,8.49,817.49,1715.88,2533.37,310.06,1,0,0.98,Metro,0.2
2023-08-31,R17,B6339,D496,C435,ISBT-17,Non-AC,T68396,Sector-17 Plaza,Manimajra,37,124,1090.26,131.07,959.19,17.22,1870.89,1925.16,3796.05,-2836.86,1,0,0.25,Cab,0.08
2023-09-01,R6,B6254,D856,C130,Ram Darbar,Electric,T45284,ISBT-17,Sector-34,30,280,5402.82,978.03,4424.79,10.18,860.87,1273.39,2134.26,2290.53,0,40,0.56,Cab,0.16
2023-09-02,R11,B1321,D767,C339,ISBT-17,Non-AC,T33089,Manimajra,Sector-34,11,496,4290.01,933.67,3356.34,3.75,348.94,942.44,1291.38,2064.96,1,0,0.99,Metro,0.24
2023-09-03,R15,B1269,D506,C223,ISBT-43,Non-AC,T61235,Sector-22,Sector-22,25,141,2507.09,447.14,2059.95,6.32,535.69,1118.5,1654.19,405.76,1,0,0.28,Cab,0.48
2023-09-04,R16,B5843,D927,C671,ISBT-17,AC,T61661,Sector-17 Plaza,Manimajra,42,463,8184.26,989.68,7194.58,8.98,984.24,895.55,1879.79,5314.79,0,44,0.93,Metro,0.32
2023-09-05,R10,B5623,D191,C347,Ram Darbar,Non-AC,T47982,Sector-17 Plaza,PGI,13,272,3856.98,285.25,3571.73,3.24,321.48,1720.12,2041.6,1530.13,0,16,0.54,Auto,0.44
2023-09-06,R5,B3864,D733,C646,ISBT-43,Electric,T68676,Sector-22,Sector-17 Plaza,13,110,1021.34,88.88,932.46,6.39,648.71,1751.06,2399.77,-1467.31,0,39,0.22,Private Bus,0.11
2023-09-07,R19,B3072,D422,C208,ISBT-17,Electric,T98545,PGI,ISBT-43,47,453,3777.25,557.08,3220.17,21.42,1840.58,1956.6,3797.18,-577.01,0,44,0.91,Metro,0.15
2023-09-08,R10,B4133,D601,C879,ISBT-43,AC,T13671,Sector-17 Plaza,Sector-34,6,183,1253.31,185.82,1067.49,2.38,231.75,710.0,941.75,125.74,1,0,0.37,Metro,0.38
2023-09-09,R4,B9081,D314,C724,ISBT-17,Electric,T94597,Sector-22,ISBT-17,36,482,5662.75,1020.85,4641.9,16.01,1409.26,1270.39,2679.65,1962.25,0,48,0.96,Metro,0.25
2023-09-10,R15,B8055,D816,C175,ISBT-43,AC,T10721,Sector-17 Plaza,ISBT-43,9,353,3004.01,260.54,2743.47,1.83,172.29,1142.97,1315.26,1428.21,0,42,0.71,Cab,0.24
2023-09-11,R20,B4157,D810,C109,ISBT-17,Non-AC,T42205,ISBT-17,Sector-17 Plaza,33,233,2047.91,295.53,1752.38,10.1,915.8,1763.42,2679.22,-926.84,1,0,0.47,Cab,0.35
2023-09-12,R3,B9681,D104,C175,ISBT-17,Electric,T20920,ISBT-43,ISBT-17,27,273,4863.02,1214.1,3648.92,6.88,693.67,1830.48,2524.15,1124.77,1,0,0.55,Cab,0.2
2023-09-13,R17,B3297,D435,C383,ISBT-43,Electric,T23225,Manimajra,Sector-17 Plaza,10,140,1915.01,186.7,1728.31,2.79,264.31,1128.86,1393.17,335.14,0,12,0.28,Auto,0.24
2023-09-14,R15,B6449,D662,C863,ISBT-17,Non-AC,T84826,Sector-17 Plaza,ISBT-43,32,265,3436.33,819.09,2617.24,11.9,1281.81,1089.56,2371.37,245.87,0,46,0.53,Auto,0.56
2023-09-15,R6,B8176,D277,C895,Ram Darbar,Electric,T30311,Manimajra,ISBT-17,29,427,5840.68,832.81,5007.87,7.27,585.65,1414.72,2000.37,3007.5,1,0,0.85,Metro,0.36
2023-09-16,R10,B9572,D765,C261,Ram Darbar,Non-AC,T69207,PGI,ISBT-17,39,196,1933.25,216.63,1716.62,15.38,1258.64,1234.1,2492.74,-776.12,0,14,0.39,Private Bus,0.41
2023-09-17,R19,B4309,D112,C830,ISBT-17,Non-AC,T25569,Sector-22,Sector-34,24,425,6823.49,483.95,6339.54,9.79,836.58,647.02,1483.6,4855.94,1,0,0.85,Auto,0.5
2023-09-18,R15,B5067,D911,C212,Industrial Area,Non-AC,T83750,ISBT-17,ISBT-17,8,449,6084.2,1160.4,4923.8,2.37,255.32,672.94,928.26,3995.54,1,0,0.9,Cab,0.57
2023-09-19,R9,B6368,D149,C379,Industrial Area,Non-AC,T85927,PGI,Manimajra,32,204,1129.74,90.13,1039.61,13.11,1193.03,1178.11,2371.14,-1331.53,0,43,0.41,Auto,0.15
2023-09-20,R11,B3145,D215,C570,Ram Darbar,AC,T96364,Sector-34,Manimajra,35,279,2107.07,107.19,1999.88,10.37,857.54,1090.94,1948.48,51.4,1,0,0.56,Private Bus,0.5
2023-09-21,R9,B7473,D162,C369,Industrial Area,Non-AC,T47962,Sector-17 Plaza,Sector-17 Plaza,28,70,354.57,57.1,297.47,13.44,1210.1,1951.4,3161.5,-2864.03,0,9,0.14,Metro,0.35
2023-09-22,R19,B6305,D960,C750,Ram Darbar,Electric,T52331,Manimajra,Sector-34,34,162,1564.99,387.21,1177.78,9.81,1048.66,957.1,2005.76,-827.98,0,28,0.32,Cab,0.37
2023-09-23,R7,B5023,D832,C209,ISBT-43,AC,T15591,ISBT-43,Sector-17 Plaza,15,191,2409.78,422.13,1987.65,6.15,538.69,1714.37,2253.06,-265.41,0,26,0.38,Private Bus,0.58
2023-09-24,R10,B6661,D891,C154,Industrial Area,Electric,T51703,Sector-34,Sector-17 Plaza,41,239,4478.86,299.97,4178.89,12.3,1332.76,1706.8,3039.56,1139.33,1,0,0.48,Metro,0.28
2023-09-25,R16,B4661,D824,C915,Ram Darbar,Electric,T23795,ISBT-17,ISBT-17,33,296,3446.29,229.02,3217.27,15.43,1636.74,1996.86,3633.6,-416.33,1,0,0.59,Auto,0.43
2023-09-26,R17,B5720,D984,C991,Ram Darbar,Electric,T13717,Sector-22,Sector-22,24,244,4399.42,276.04,4123.38,10.89,1069.66,1070.67,2140.33,1983.05,1,0,0.49,Metro,0.3
2023-09-27,R4,B1478,D812,C467,ISBT-17,AC,T65092,Sector-34,ISBT-17,7,402,3455.87,430.21,3025.66,1.63,177.89,1360.88,1538.77,1486.89,1,0,0.8,Metro,0.06
2023-09-28,R19,B5182,D253,C596,ISBT-17,Electric,T48718,ISBT-43,PGI,44,356,5577.4,877.11,4700.29,20.65,2154.16,983.71,3137.87,1562.42,1,0,0.71,Cab,0.34
2023-09-29,R9,B8953,D442,C329,Ram Darbar,AC,T54550,ISBT-43,Sector-34,22,243,1562.64,210.62,1352.02,10.44,1062.02,1723.42,2785.44,-1433.42,0,34,0.49,Private Bus,0.5
2023-09-30,R12,B4365,D646,C805,ISBT-43,Non-AC,T54867,Sector-34,Sector-34,46,281,4726.57,927.45,3799.12,12.48,1161.57,722.94,1884.51,1914.61,0,45,0.56,Auto,0.08
2023-10-01,R6,B8582,D920,C987,ISBT-17,AC,T90066,ISBT-43,Sector-34,33,346,5474.41,631.7,4842.71,12.83,1280.48,1600.6,2881.08,1961.63,1,0,0.69,Private Bus,0.28
2023-10-02,R13,B9482,D235,C919,Industrial Area,AC,T53374,Sector-22,Sector-17 Plaza,25,462,7448.18,432.08,7016.1,10.07,999.21,1945.67,2944.88,4071.22,0,17,0.92,Private Bus,0.36
2023-10-03,R15,B7656,D498,C210,Ram Darbar,AC,T81296,Sector-34,PGI,10,283,2588.23,324.71,2263.52,3.98,357.79,1815.74,2173.53,89.99,1,0,0.57,Private Bus,0.14
2023-10-04,R13,B5021,D246,C413,Industrial Area,Electric,T64757,Sector-34,PGI,43,470,4944.4,910.37,4034.03,11.51,1003.78,1362.06,2365.84,1668.19,1,0,0.94,Auto,0.16
2023-10-05,R18,B1327,D844,C982,ISBT-17,Electric,T21573,Manimajra,Sector-22,33,154,1608.77,142.96,1465.81,10.21,882.52,1279.17,2161.69,-695.88,0,40,0.31,Auto,0.44
2023-10-06,R5,B8132,D675,C147,ISBT-43,Non-AC,T49579,Manimajra,ISBT-17,32,241,4211.67,928.78,3282.89,8.05,761.44,1600.89,2362.33,920.56,1,0,0.48,Private Bus,0.2
2023-10-07,R2,B3609,D234,C245,Ram Darbar,Electric,T38875,PGI,PGI,36,309,2316.09,184.23,2131.86,10.6,1036.47,1037.6,2074.07,57.79,1,0,0.62,Cab,0.3
2023-10-08,R9,B9025,D298,C576,ISBT-17,AC,T50542,Sector-34,Sector-34,32,373,5909.37,1274.39,4634.98,9.06,910.66,1793.66,2704.32,1930.66,0,30,0.75,Cab,0.18
2023-10-09,R3,B8914,D883,C710,ISBT-17,Electric,T58298,Sector-17 Plaza,ISBT-43,36,369,2541.29,609.9,1931.39,16.49,1396.16,758.59,2154.75,-223.36,1,0,0.74,Metro,0.57
2023-10-10,R13,B5586,D679,C353,ISBT-17,AC,T30180,ISBT-17,Manimajra,24,306,3875.62,237.84,3637.78,6.29,520.15,1106.01,1626.16,2011.62,1,0,0.61,Private Bus,0.51
2023-10-11,R19,B6338,D617,C208,Ram Darbar,AC,T34641,ISBT-43,ISBT-43,34,475,2797.15,675.57,2121.58,8.31,850.67,1454.2,2304.87,-183.29,0,26,0.95,Cab,0.33
2023-10-12,R1,B9947,D417,C572,ISBT-17,Electric,T90729,Sector-34,Sector-17 Plaza,8,296,2805.05,391.66,2413.39,2.38,198.2,1125.48,1323.68,1089.71,0,48,0.59,Metro,0.43
2023-10-13,R12,B6474,D393,C603,ISBT-17,Electric,T10016,Manimajra,PGI,48,414,3554.41,360.4,3194.01,14.02,1373.13,757.72,2130.85,1063.16,0,40,0.83,Private Bus,0.59
2023-10-14,R9,B1300,D270,C719,ISBT-43,Electric,T48682,ISBT-43,PGI,6,164,1092.89,218.76,874.13,2.46,256.66,1015.39,1272.05,-397.92,1,0,0.33,Auto,0.24
2023-10-15,R8,B6284,D130,C628,ISBT-17,AC,T46516,Sector-17 Plaza,PGI,30,119,1821.34,326.37,1494.97,14.53,1206.16,1004.51,2210.67,-715.7,1,0,0.24,Auto,0.44
2023-10-16,R12,B3905,D722,C189,ISBT-17,Electric,T37786,Sector-34,Manimajra,18,362,2129.87,353.01,1776.86,7.03,590.93,1210.43,1801.36,-24.5,1,0,0.72,Private Bus,0.33
2023-10-17,R18,B8316,D895,C467,Industrial Area,Non-AC,T56546,ISBT-17,Manimajra,42,231,3438.65,560.86,2877.79,8.53,734.78,1664.34,2399.12,478.67,1,0,0.46,Private Bus,0.43
2023-10-18,R3,B4951,D270,C247,Ram Darbar,Electric,T17297,Sector-22,PGI,38,287,3047.57,551.07,2496.5,9.46,774.82,1781.76,2556.58,-60.08,0,28,0.57,Private Bus,0.49
2023-10-19,R13,B9743,D323,C251,Industrial Area,Electric,T80783,Manimajra,PGI,36,194,3616.8,338.01,3278.79,16.17,1637.47,1944.18,3581.65,-302.86,0,21,0.39,Auto,0.29
2023-10-20,R7,B9527,D930,C668,ISBT-17,AC,T48865,PGI,Sector-17 Plaza,32,194,1357.28,323.24,1034.04,13.6,1088.51,1648.42,2736.93,-1702.89,1,0,0.39,Private Bus,0.13
2023-10-21,R13,B7177,D777,C681,Industrial Area,AC,T97719,Sector-17 Plaza,Sector-34,34,147,1268.7,245.54,1023.16,8.26,742.33,1163.04,1905.37,-882.21,0,25,0.29,Private Bus,0.57
2023-10-22,R19,B4567,D734,C952,ISBT-43,AC,T36627,ISBT-17,ISBT-17,12,324,6232.68,721.87,5510.81,4.9,518.41,1070.7,1589.11,3921.7,0,33,0.65,Cab,0.18
2023-10-23,R20,B8760,D455,C822,Ram Darbar,Electric,T22332,PGI,ISBT-43,22,305,5383.38,738.89,4644.49,7.26,777.99,1364.28,2142.27,2502.22,1,0,0.61,Auto,0.49
2023-10-24,R18,B3316,D890,C161,ISBT-43,Non-AC,T34502,Sector-34,ISBT-43,18,307,5267.02,579.35,4687.67,4.28,356.95,1519.81,1876.76,2810.91,0,49,0.61,Private Bus,0.11
2023-10-25,R17,B6424,D290,C823,ISBT-43,Non-AC,T44396,ISBT-17,Sector-34,38,333,2315.97,431.32,1884.65,11.85,1208.69,1108.21,2316.9,-432.25,1,0,0.67,Private Bus,0.35
2023-10-26,R13,B6725,D324,C836,Ram Darbar,Non-AC,T88755,PGI,Sector-22,21,352,6516.13,1507.22,5008.91,9.38,856.01,1575.95,2431.96,2576.95,0,58,0.7,Auto,0.22
2023-10-27,R15,B1372,D567,C537,Industrial Area,Electric,T16586,Sector-17 Plaza,ISBT-43,47,68,573.44,50.57,522.87,16.72,1674.93,566.5,2241.43,-1718.56,1,0,0.14,Private Bus,0.55
